Muffler,SubaruLegacy,150
Airfilter,VWGolf4,20
Airfilter,SubaruLegacy,20
Muffler,VWGolf4,120
BrakePad,HondaCivic,50
Headlight,ToyotaCorolla,80
Radiator,FordFocus,250
Alternator,ChevyMalibu,180
Battery,BMW3Series,100
SparkPlug,AudiA4,10
Muffler,HondaCivic,160
Airfilter,ToyotaCorolla,25
BrakePad,FordFocus,60
Headlight,ChevyMalibu,90
Radiator,BMW3Series,240
Alternator,AudiA4,200
Battery,SubaruLegacy,110
SparkPlug,VWGolf4,15
Muffler,ToyotaCorolla,155
Airfilter,FordFocus,30
BrakePad,ChevyMalibu,70
Headlight,BMW3Series,85
Radiator,AudiA4,260
Alternator,SubaruLegacy,190
Battery,HondaCivic,105
SparkPlug,ToyotaCorolla,20
Muffler,FordFocus,140
Airfilter,ChevyMalibu,35
BrakePad,BMW3Series,75
Headlight,AudiA4,95
Radiator,SubaruLegacy,230
Alternator,HondaCivic,170
Battery,VWGolf4,115
SparkPlug,FordFocus,12
Muffler,ChevyMalibu,150
Airfilter,BMW3Series,40
BrakePad,AudiA4,80
Headlight,SubaruLegacy,100
Radiator,HondaCivic,220
Alternator,VWGolf4,210
Battery,ToyotaCorolla,120
SparkPlug,ChevyMalibu,17
Muffler,BMW3Series,160
Airfilter,AudiA4,45
BrakePad,SubaruLegacy,85
Headlight,HondaCivic,110
Radiator,VWGolf4,200
Alternator,ToyotaCorolla,180
Battery,FordFocus,130
SparkPlug,BMW3Series,22
Muffler,AudiA4,140
Airfilter,SubaruLegacy,50
BrakePad,HondaCivic,90
Headlight,VWGolf4,105
Radiator,ToyotaCorolla,210
Alternator,FordFocus,220
Battery,ChevyMalibu,140
SparkPlug,AudiA4,25
Muffler,SubaruLegacy,170
Airfilter,HondaCivic,55
BrakePad,VWGolf4,95
Headlight,ToyotaCorolla,115
Radiator,FordFocus,240
Alternator,ChevyMalibu,200
Battery,BMW3Series,150
SparkPlug,SubaruLegacy,30
Muffler,HondaCivic,180
Airfilter,VWGolf4,60
BrakePad,ToyotaCorolla,100
Headlight,FordFocus,125
Radiator,ChevyMalibu,230
Alternator,BMW3Series,210
Battery,AudiA4,160
SparkPlug,HondaCivic,35
Muffler,VWGolf4,150
Airfilter,ToyotaCorolla,65
BrakePad,FordFocus,105
Headlight,ChevyMalibu,135
Radiator,BMW3Series,250
Alternator,AudiA4,220
Battery,SubaruLegacy,170
SparkPlug,VWGolf4,40
Muffler,ToyotaCorolla,190
Airfilter,FordFocus,70
BrakePad,ChevyMalibu,110
Headlight,BMW3Series,145
Radiator,AudiA4,260
Alternator,SubaruLegacy,230
Battery,HondaCivic,180
SparkPlug,ToyotaCorolla,45
2
